ime,pozicija,starost,drzava_1,drzava_2,klub,cena,stevilna_cena_eur
Lamine Yamal,Right Winger,18,Spain,Equatorial Guinea,FC Barcelona,€200.00m,20000000000
Jude Bellingham,Attacking Midfield,22,England,Ireland,Real Madrid,€180.00m,18000000000
Erling Haaland,Centre-Forward,25,Norway,,Manchester City,€180.00m,18000000000
Kylian Mbappé,Centre-Forward,26,France,Cameroon,Real Madrid,€180.00m,18000000000
Vinicius Junior,Left Winger,25,Brazil,Spain,Real Madrid,€170.00m,17000000000
Bukayo Saka,Right Winger,23,England,Nigeria,Arsenal FC,€150.00m,15000000000
Pedri,Central Midfield,22,Spain,,FC Barcelona,€140.00m,14000000000
Florian Wirtz,Attacking Midfield,22,Germany,,Liverpool FC,€140.00m,14000000000
Jamal Musiala,Attacking Midfield,22,Germany,England,Bayern Munich,€140.00m,14000000000
Federico Valverde,Central Midfield,27,Uruguay,Spain,Real Madrid,€130.00m,13000000000
Cole Palmer,Attacking Midfield,23,England,St. Kitts & Nevis,Chelsea FC,€120.00m,12000000000
Declan Rice,Central Midfield,26,England,Ireland,Arsenal FC,€120.00m,12000000000
Alexander Isak,Centre-Forward,25,Sweden,Eritrea,Newcastle United,€120.00m,12000000000
Rodri,Defensive Midfield,29,Spain,,Manchester City,€110.00m,11000000000
Julián Alvarez,Centre-Forward,25,Argentina,Italy,Atlético de Madrid,€100.00m,10000000000
Michael Olise,Right Winger,23,France,England,Bayern Munich,€100.00m,10000000000
Alexis Mac Allister,Central Midfield,26,Argentina,Italy,Liverpool FC,€100.00m,10000000000
Phil Foden,Right Winger,25,England,,Manchester City,€100.00m,10000000000
Lautaro Martínez,Centre-Forward,27,Argentina,,Inter Milan,€95.00m,9500000000
Désiré Doué,Right Winger,20,France,Cote d'Ivoire,Paris Saint-Germain,€90.00m,9000000000
Moisés Caicedo,Defensive Midfield,23,Ecuador,,Chelsea FC,€90.00m,9000000000
Khvicha Kvaratskhelia,Left Winger,24,Georgia,,Paris Saint-Germain,€90.00m,9000000000
Rodrygo,Right Winger,24,Brazil,Spain,Real Madrid,€90.00m,9000000000
Raphinha,Left Winger,28,Brazil,Italy,FC Barcelona,€90.00m,9000000000
Ousmane Dembélé,Right Winger,28,France,,Paris Saint-Germain,€90.00m,9000000000
Martin Ødegaard,Attacking Midfield,26,Norway,,Arsenal FC,€85.00m,8500000000
Pau Cubarsí,Centre-Back,18,Spain,,FC Barcelona,€80.00m,8000000000
João Neves,Central Midfield,20,Portugal,,Paris Saint-Germain,€80.00m,8000000000
Bruno Guimarães,Defensive Midfield,27,Brazil,Spain,Newcastle United,€80.00m,8000000000
William Saliba,Centre-Back,24,France,Cameroon,Arsenal FC,€80.00m,8000000000
Vitinha,Central Midfield,25,Portugal,,Paris Saint-Germain,€80.00m,8000000000
Dominik Szoboszlai,Attacking Midfield,24,Hungary,,Liverpool FC,€80.00m,8000000000
Achraf Hakimi,Right-Back,26,Morocco,Spain,Paris Saint-Germain,€80.00m,8000000000
Alessandro Bastoni,Centre-Back,26,Italy,,Inter Milan,€80.00m,8000000000
Hugo Ekitiké,Centre-Forward,23,France,Cameroon,Liverpool FC,€75.00m,7500000000
Enzo Fernández,Central Midfield,24,Argentina,,Chelsea FC,€75.00m,7500000000
Ryan Gravenberch,Defensive Midfield,23,Netherlands,Suriname,Liverpool FC,€75.00m,7500000000
Josko Gvardiol,Left-Back,23,Croatia,,Manchester City,€75.00m,7500000000
Omar Marmoush,Centre-Forward,26,Egypt,Canada,Manchester City,€75.00m,7500000000
Gabriel Magalhães,Centre-Back,27,Brazil,,Arsenal FC,€75.00m,7500000000
Aurélien Tchouaméni,Defensive Midfield,25,France,Cameroon,Real Madrid,€75.00m,7500000000
Viktor Gyökeres,Centre-Forward,27,Sweden,Hungary,Arsenal FC,€75.00m,7500000000
Marcus Thuram,Centre-Forward,28,France,Guadeloupe,Inter Milan,€75.00m,7500000000
Trent Alexander-Arnold,Right-Back,26,England,,Real Madrid,€75.00m,7500000000
Nicolò Barella,Central Midfield,28,Italy,,Inter Milan,€75.00m,7500000000
Harry Kane,Centre-Forward,32,England,,Bayern Munich,€75.00m,7500000000
Nico Williams,Left Winger,23,Spain,Ghana,Athletic Bilbao,€70.00m,7000000000
Bradley Barcola,Left Winger,22,France,Togo,Paris Saint-Germain,€70.00m,7000000000
Benjamin Sesko,Centre-Forward,22,Slovenia,,Manchester United,€70.00m,7000000000
Nuno Mendes,Left-Back,23,Portugal,,Paris Saint-Germain,€70.00m,7000000000
Xavi Simons,Attacking Midfield,22,Netherlands,Suriname,RB Leipzig,€70.00m,7000000000
Luis Díaz,Left Winger,28,Colombia,,Bayern Munich,€70.00m,7000000000
Cody Gakpo,Left Winger,26,Netherlands,Togo,Liverpool FC,€70.00m,7000000000
Victor Osimhen,Centre-Forward,26,Nigeria,,Galatasaray,€70.00m,7000000000
Rafael Leão,Left Winger,26,Portugal,Angola,AC Milan,€70.00m,7000000000
Willian Pacho,Centre-Back,23,Ecuador,,Paris Saint-Germain,€65.00m,6500000000
Anthony Gordon,Left Winger,24,England,,Newcastle United,€65.00m,6500000000
Jules Koundé,Right-Back,26,France,Benin,FC Barcelona,€65.00m,6500000000
Kai Havertz,Centre-Forward,26,Germany,,Arsenal FC,€65.00m,6500000000
Rúben Dias,Centre-Back,28,Portugal,,Manchester City,€65.00m,6500000000
Estêvão,Right Winger,18,Brazil,,Chelsea FC,€60.00m,6000000000
Dean Huijsen,Centre-Back,20,Spain,Netherlands,Real Madrid,€60.00m,6000000000
Gavi,Central Midfield,21,Spain,,FC Barcelona,€60.00m,6000000000
Eduardo Camavinga,Central Midfield,22,France,DR Congo,Real Madrid,€60.00m,6000000000
Alejandro Balde,Left-Back,21,Spain,Dominican Republic,FC Barcelona,€60.00m,6000000000
Oihan Sancet,Attacking Midfield,25,Spain,,Athletic Bilbao,€60.00m,6000000000
Matheus Cunha,Second Striker,26,Brazil,,Manchester United,€60.00m,6000000000
Tijjani Reijnders,Central Midfield,27,Netherlands,,Manchester City,€60.00m,6000000000
Martín Zubimendi,Defensive Midfield,26,Spain,,Arsenal FC,€60.00m,6000000000
Ademola Lookman,Second Striker,27,Nigeria,England,Atalanta BC,€60.00m,6000000000
Sandro Tonali,Central Midfield,25,Italy,,Newcastle United,€60.00m,6000000000
Ibrahima Konaté,Centre-Back,26,France,Mali,Liverpool FC,€60.00m,6000000000
Dani Olmo,Attacking Midfield,27,Spain,,FC Barcelona,€60.00m,6000000000
Murillo,Centre-Back,23,Brazil,,Nottingham Forest,€55.00m,5500000000
Leny Yoro,Centre-Back,19,France,Cote d'Ivoire,Manchester United,€55.00m,5500000000
Ethan Nwaneri,Right Winger,18,England,Nigeria,Arsenal FC,€55.00m,5500000000
Warren Zaïre-Emery,Central Midfield,19,France,Martinique,Paris Saint-Germain,€55.00m,5500000000
Aleksandar Pavlovic,Defensive Midfield,21,Germany,Serbia,Bayern Munich,€55.00m,5500000000
Pablo Barrios,Central Midfield,22,Spain,,Atlético de Madrid,€55.00m,5500000000
Gabriel Martinelli,Left Winger,24,Brazil,Italy,Arsenal FC,€55.00m,5500000000
Levi Colwill,Centre-Back,22,England,,Chelsea FC,€55.00m,5500000000
Álex Baena,Left Winger,24,Spain,,Atlético de Madrid,€55.00m,5500000000
Morgan Rogers,Attacking Midfield,23,England,,Aston Villa,€55.00m,5500000000
Eberechi Eze,Attacking Midfield,27,England,Nigeria,Crystal Palace,€55.00m,5500000000
Jurrien Timber,Right-Back,24,Netherlands,Curacao,Arsenal FC,€55.00m,5500000000
Bryan Mbeumo,Right Winger,26,Cameroon,France,Manchester United,€55.00m,5500000000
Samu Aghehowa,Centre-Forward,21,Spain,Nigeria,FC Porto,€50.00m,5000000000
Kenan Yıldız,Left Winger,20,Türkiye,Germany,Juventus FC,€50.00m,5000000000
Kobbie Mainoo,Central Midfield,20,England,Ghana,Manchester United,€50.00m,5000000000
Nicolas Jackson,Centre-Forward,24,Senegal,The Gambia,Chelsea FC,€50.00m,5000000000
Savinho,Right Winger,21,Brazil,,Manchester City,€50.00m,5000000000
Jamie Gittens,Left Winger,21,England,Barbados,Chelsea FC,€50.00m,5000000000
Jarrad Branthwaite,Centre-Back,23,England,,Everton FC,€50.00m,5000000000
Piero Hincapié,Centre-Back,23,Ecuador,,Bayer 04 Leverkusen,€50.00m,5000000000
Fermín López,Attacking Midfield,22,Spain,,FC Barcelona,€50.00m,5000000000
João Pedro,Centre-Forward,23,Brazil,,Chelsea FC,€50.00m,5000000000
Éderson,Central Midfield,26,Brazil,,Atalanta BC,€50.00m,5000000000
Micky van de Ven,Centre-Back,24,Netherlands,,Tottenham Hotspur,€50.00m,5000000000
Bremer,Centre-Back,28,Brazil,,Juventus FC,€50.00m,5000000000
Pedro Neto,Right Winger,25,Portugal,,Chelsea FC,€50.00m,5000000000
Jérémy Doku,Left Winger,23,Belgium,Ghana,Manchester City,€50.00m,5000000000
Amadou Onana,Defensive Midfield,23,Belgium,Senegal,Aston Villa,€50.00m,5000000000
Jeremie Frimpong,Right-Back,24,Netherlands,Ghana,Liverpool FC,€50.00m,5000000000
Morten Hjulmand,Defensive Midfield,26,Denmark,,Sporting CP,€50.00m,5000000000
Dejan Kulusevski,Attacking Midfield,25,Sweden,North Macedonia,Tottenham Hotspur,€50.00m,5000000000
Morgan Gibbs-White,Attacking Midfield,25,England,Jamaica,Nottingham Forest,€50.00m,5000000000
Alphonso Davies,Left-Back,24,Canada,Liberia,Bayern Munich,€50.00m,5000000000
Alessandro Buongiorno,Centre-Back,26,Italy,,SSC Napoli,€50.00m,5000000000
Loïs Openda,Centre-Forward,25,Belgium,Morocco,RB Leipzig,€50.00m,5000000000
Moise Kean,Centre-Forward,25,Italy,Cote d'Ivoire,ACF Fiorentina,€50.00m,5000000000
Cristian Romero,Centre-Back,27,Argentina,,Tottenham Hotspur,€50.00m,5000000000
Dayot Upamecano,Centre-Back,26,France,Guinea-Bissau,Bayern Munich,€50.00m,5000000000
Scott McTominay,Central Midfield,28,Scotland,England,SSC Napoli,€50.00m,5000000000
Christian Pulisic,Right Winger,26,United States,Croatia,AC Milan,€50.00m,5000000000
Marcus Rashford,Left Winger,27,England,St. Kitts & Nevis,FC Barcelona,€50.00m,5000000000
Bruno Fernandes,Attacking Midfield,30,Portugal,,Manchester United,€50.00m,5000000000
Federico Dimarco,Left-Back,27,Italy,,Inter Milan,€50.00m,5000000000
Mohamed Salah,Right Winger,33,Egypt,,Liverpool FC,€50.00m,5000000000
Geovany Quenda,Right Winger,18,Portugal,Guinea-Bissau,Sporting CP,€45.00m,4500000000
Ousmane Diomande,Centre-Back,21,Cote d'Ivoire,,Sporting CP,€45.00m,4500000000
Myles Lewis-Skelly,Left-Back,18,England,Barbados,Arsenal FC,€45.00m,4500000000
Arda Güler,Attacking Midfield,20,Türkiye,,Real Madrid,€45.00m,4500000000
Alejandro Garnacho,Left Winger,21,Argentina,Spain,Manchester United,€45.00m,4500000000
Maghnes Akliouche,Right Winger,23,France,Algeria,AS Monaco,€45.00m,4500000000
Adam Wharton,Defensive Midfield,21,England,,Crystal Palace,€45.00m,4500000000
Milos Kerkez,Left-Back,21,Hungary,Serbia,Liverpool FC,€45.00m,4500000000
Rayan Cherki,Right Winger,21,France,Algeria,Manchester City,€45.00m,4500000000
Mateo Retegui,Centre-Forward,26,Italy,Argentina,Al-Qadsiah FC,€45.00m,4500000000
Gonçalo Inácio,Centre-Back,23,Portugal,,Sporting CP,€45.00m,4500000000
Darwin Núñez,Centre-Forward,26,Uruguay,,Al-Hilal SFC,€45.00m,4500000000
Mohammed Kudus,Right Winger,25,Ghana,,Tottenham Hotspur,€45.00m,4500000000
Amad Diallo,Right Winger,23,Cote d'Ivoire,Italy,Manchester United,€45.00m,4500000000
Jonathan David,Centre-Forward,25,Canada,United States,Juventus FC,€45.00m,4500000000
Karim Adeyemi,Right Winger,23,Germany,Nigeria,Borussia Dortmund,€45.00m,4500000000
Manuel Ugarte,Defensive Midfield,24,Uruguay,,Manchester United,€45.00m,4500000000
Angelo Stiller,Defensive Midfield,24,Germany,,VfB Stuttgart,€45.00m,4500000000
Curtis Jones,Central Midfield,24,England,,Liverpool FC,€45.00m,4500000000
Marc Guéhi,Centre-Back,25,England,Cote d'Ivoire,Crystal Palace,€45.00m,4500000000
Ben White,Right-Back,27,England,,Arsenal FC,€45.00m,4500000000
Frenkie de Jong,Central Midfield,28,Netherlands,,FC Barcelona,€45.00m,4500000000
Serhou Guirassy,Centre-Forward,29,Guinea,France,Borussia Dortmund,€45.00m,4500000000
Joshua Kimmich,Defensive Midfield,30,Germany,,Bayern Munich,€45.00m,4500000000
Ilya Zabarnyi,Centre-Back,22,Ukraine,,AFC Bournemouth,€42.00m,4200000000
Anthony Elanga,Right Winger,23,Sweden,Cameroon,Newcastle United,€42.00m,4200000000
Sven Botman,Centre-Back,25,Netherlands,,Newcastle United,€42.00m,4200000000
James Maddison,Attacking Midfield,28,England,,Tottenham Hotspur,€42.00m,4200000000
Carlos Baleba,Defensive Midfield,21,Cameroon,,Brighton &amp; Hove Albion,€40.00m,4000000000
Rodrigo Mora,Attacking Midfield,18,Portugal,,FC Porto,€40.00m,4000000000
Raúl Asencio,Centre-Back,22,Spain,,Real Madrid,€40.00m,4000000000
Hugo Larsson,Central Midfield,21,Sweden,,Eintracht Frankfurt,€40.00m,4000000000
João Gomes,Central Midfield,24,Brazil,,Wolverhampton Wanderers,€40.00m,4000000000
Rico Lewis,Right-Back,20,England,,Manchester City,€40.00m,4000000000
Victor Boniface,Centre-Forward,24,Nigeria,,Bayer 04 Leverkusen,€40.00m,4000000000
Roméo Lavia,Defensive Midfield,21,Belgium,,Chelsea FC,€40.00m,4000000000
Manu Koné,Central Midfield,24,France,Cote d'Ivoire,AS Roma,€40.00m,4000000000
Castello Lukeba,Centre-Back,22,France,Angola,RB Leipzig,€40.00m,4000000000
Liam Delap,Centre-Forward,22,England,Ireland,Chelsea FC,€40.00m,4000000000
Antoine Semenyo,Left Winger,25,Ghana,England,AFC Bournemouth,€40.00m,4000000000
Destiny Udogie,Left-Back,22,Italy,Nigeria,Tottenham Hotspur,€40.00m,4000000000
Gonçalo Ramos,Centre-Forward,24,Portugal,,Paris Saint-Germain,€40.00m,4000000000
Mason Greenwood,Right Winger,23,England,,Olympique Marseille,€40.00m,4000000000
Dani Vivian,Centre-Back,26,Spain,,Athletic Bilbao,€40.00m,4000000000
Kaoru Mitoma,Left Winger,28,Japan,,Brighton &amp; Hove Albion,€40.00m,4000000000
Noni Madueke,Right Winger,23,England,Nigeria,Arsenal FC,€40.00m,4000000000
Tino Livramento,Right-Back,22,England,Scotland,Newcastle United,€40.00m,4000000000
Min-jae Kim,Centre-Back,28,"Korea, South",,Bayern Munich,€40.00m,4000000000
Conor Gallagher,Central Midfield,25,England,,Atlético de Madrid,€40.00m,4000000000
Lisandro Martínez,Centre-Back,27,Argentina,,Manchester United,€40.00m,4000000000
Brennan Johnson,Right Winger,24,Wales,England,Tottenham Hotspur,€40.00m,4000000000
Nico González,Right Winger,27,Argentina,Italy,Juventus FC,€24.00m,2400000000
Khéphren Thuram,Central Midfield,24,France,Guadeloupe,Juventus FC,€40.00m,4000000000
Exequiel Palacios,Central Midfield,26,Argentina,,Bayer 04 Leverkusen,€40.00m,4000000000
Ferran Torres,Centre-Forward,25,Spain,,FC Barcelona,€40.00m,4000000000
Boubacar Kamara,Defensive Midfield,25,France,Senegal,Aston Villa,€40.00m,4000000000
Nico Schlotterbeck,Centre-Back,25,Germany,,Borussia Dortmund,€40.00m,4000000000
Diogo Costa,Goalkeeper,25,Portugal,Switzerland,FC Porto,€40.00m,4000000000
Robin Le Normand,Centre-Back,28,Spain,France,Atlético de Madrid,€40.00m,4000000000
Fabián Ruiz,Central Midfield,29,Spain,,Paris Saint-Germain,€40.00m,4000000000
Ollie Watkins,Centre-Forward,29,England,,Aston Villa,€40.00m,4000000000
Gianluigi Donnarumma,Goalkeeper,26,Italy,,Paris Saint-Germain,€40.00m,4000000000
Jarrod Bowen,Right Winger,28,England,,West Ham United,€40.00m,4000000000
Brahim Díaz,Right Winger,26,Morocco,Spain,Real Madrid,€40.00m,4000000000
David Raya,Goalkeeper,29,Spain,,Arsenal FC,€40.00m,4000000000
Dominic Solanke,Centre-Forward,27,England,Nigeria,Tottenham Hotspur,€40.00m,4000000000
Gregor Kobel,Goalkeeper,27,Switzerland,,Borussia Dortmund,€40.00m,4000000000
Archie Gray,Defensive Midfield,19,England,Scotland,Tottenham Hotspur,€38.00m,3800000000
Lucas Bergvall,Central Midfield,19,Sweden,,Tottenham Hotspur,€38.00m,3800000000
Pedro Porro,Right-Back,25,Spain,,Tottenham Hotspur,€38.00m,3800000000
Matthijs de Ligt,Centre-Back,25,Netherlands,,Manchester United,€38.00m,3800000000
Youri Tielemans,Central Midfield,28,Belgium,DR Congo,Aston Villa,€38.00m,3800000000
Bernardo Silva,Attacking Midfield,31,Portugal,,Manchester City,€38.00m,3800000000
Endrick,Centre-Forward,19,Brazil,,Real Madrid,€35.00m,3500000000
Nico Paz,Attacking Midfield,20,Argentina,Spain,Como 1907,€35.00m,3500000000
Jorrel Hato,Left-Back,19,Netherlands,Curacao,Chelsea FC,€35.00m,3500000000
Santiago Castro,Centre-Forward,20,Argentina,Italy,Bologna FC 1909,€35.00m,3500000000
Álvaro Carreras,Left-Back,22,Spain,,Real Madrid,€35.00m,3500000000
Mathys Tel,Centre-Forward,20,France,Guadeloupe,Tottenham Hotspur,€35.00m,3500000000
Abdukodir Khusanov,Centre-Back,21,Uzbekistan,,Manchester City,€35.00m,3500000000
Andrey Santos,Central Midfield,21,Brazil,,Chelsea FC,€35.00m,3500000000
Giuliano Simeone,Right Winger,22,Argentina,Italy,Atlético de Madrid,€35.00m,3500000000
Evanilson,Centre-Forward,25,Brazil,,AFC Bournemouth,€35.00m,3500000000
Igor Paixão,Left Winger,25,Brazil,,Olympique Marseille,€35.00m,3500000000
Jhon Durán,Centre-Forward,21,Colombia,,Fenerbahce,€35.00m,3500000000
Malo Gusto,Right-Back,22,France,Martinique,Chelsea FC,€35.00m,3500000000
Rasmus Højlund,Centre-Forward,22,Denmark,,Manchester United,€35.00m,3500000000
Antony,Right Winger,25,Brazil,,Manchester United,€35.00m,3500000000
Matheus Nunes,Central Midfield,26,Portugal,Brazil,Manchester City,€35.00m,3500000000
Rayan Aït-Nouri,Left-Back,24,Algeria,France,Manchester City,€35.00m,3500000000
Giorgio Scalvini,Centre-Back,21,Italy,,Atalanta BC,€35.00m,3500000000
Enzo Millot,Attacking Midfield,23,France,Martinique,Al-Ahli SFC,€35.00m,3500000000
Edmond Tapsoba,Centre-Back,26,Burkina Faso,,Bayer 04 Leverkusen,€35.00m,3500000000
Riccardo Calafiori,Left-Back,23,Italy,,Arsenal FC,€35.00m,3500000000
Ronald Araujo,Centre-Back,26,Uruguay,Spain,FC Barcelona,€35.00m,3500000000
Andrea Cambiaso,Left-Back,25,Italy,,Juventus FC,€35.00m,3500000000
Yann Bisseck,Centre-Back,24,Germany,Cameroon,Inter Milan,€35.00m,3500000000
Charles De Ketelaere,Attacking Midfield,24,Belgium,,Atalanta BC,€35.00m,3500000000
Nikola Milenković,Centre-Back,27,Serbia,,Nottingham Forest,€35.00m,3500000000
Ezri Konsa,Centre-Back,27,England,DR Congo,Aston Villa,€35.00m,3500000000
Francisco Trincão,Right Winger,25,Portugal,,Sporting CP,€35.00m,3500000000
Harvey Barnes,Left Winger,27,England,Scotland,Newcastle United,€35.00m,3500000000
Davide Frattesi,Central Midfield,25,Italy,,Inter Milan,€35.00m,3500000000
Dan Ndoye,Right Winger,24,Switzerland,Senegal,Nottingham Forest,€35.00m,3500000000
Teun Koopmeiners,Attacking Midfield,27,Netherlands,,Juventus FC,€35.00m,3500000000
Dušan Vlahović,Centre-Forward,25,Serbia,,Juventus FC,€35.00m,3500000000
Antonee Robinson,Left-Back,28,United States,England,Fulham FC,€35.00m,3500000000
Christopher Nkunku,Centre-Forward,27,France,DR Congo,Chelsea FC,€35.00m,3500000000
Theo Hernández,Left-Back,27,France,Spain,Al-Hilal SFC,€35.00m,3500000000
Mikel Merino,Central Midfield,29,Spain,,Arsenal FC,€35.00m,3500000000
Jonathan Burkardt,Centre-Forward,25,Germany,,Eintracht Frankfurt,€35.00m,3500000000
Joelinton,Central Midfield,28,Brazil,,Newcastle United,€35.00m,3500000000
Justin Kluivert,Attacking Midfield,26,Netherlands,Suriname,AFC Bournemouth,€35.00m,3500000000
Vangelis Pavlidis,Centre-Forward,26,Greece,,SL Benfica,€35.00m,3500000000
Denzel Dumfries,Right-Back,29,Netherlands,Aruba,Inter Milan,€35.00m,3500000000
Marc Cucurella,Left-Back,27,Spain,,Chelsea FC,€35.00m,3500000000
Marquinhos,Centre-Back,31,Brazil,Portugal,Paris Saint-Germain,€35.00m,3500000000
Alan Varela,Defensive Midfield,24,Argentina,,FC Porto,€32.00m,3200000000
Mohamed Amoura,Centre-Forward,25,Algeria,,VfL Wolfsburg,€32.00m,3200000000
Lewis Hall,Left-Back,20,England,,Newcastle United,€32.00m,3200000000
António Silva,Centre-Back,21,Portugal,,SL Benfica,€32.00m,3200000000
Georgiy Sudakov,Attacking Midfield,22,Ukraine,,Shakhtar Donetsk,€32.00m,3200000000
Ardon Jashari,Defensive Midfield,23,Switzerland,North Macedonia,AC Milan,€32.00m,3200000000
Jan Paul van Hecke,Centre-Back,25,Netherlands,,Brighton &amp; Hove Albion,€32.00m,3200000000
Pape Matar Sarr,Central Midfield,22,Senegal,,Tottenham Hotspur,€32.00m,3200000000
Elliot Anderson,Central Midfield,22,England,Scotland,Nottingham Forest,€32.00m,3200000000
Georginio Rutter,Centre-Forward,23,France,Martinique,Brighton &amp; Hove Albion,€32.00m,3200000000
Tomás Araújo,Centre-Back,23,Portugal,,SL Benfica,€32.00m,3200000000
Jacob Ramsey,Left Midfield,24,England,,Aston Villa,€32.00m,3200000000
Josip Stanisic,Right-Back,25,Croatia,Germany,Bayern Munich,€32.00m,3200000000
Malik Tillman,Attacking Midfield,23,United States,Germany,Bayer 04 Leverkusen,€32.00m,3200000000
Mattéo Guendouzi,Central Midfield,26,France,Morocco,SS Lazio,€32.00m,3200000000
Pau Torres,Centre-Back,28,Spain,,Aston Villa,€32.00m,3200000000
Yoane Wissa,Centre-Forward,28,DR Congo,France,Brentford FC,€32.00m,3200000000
Gabriel Jesus,Centre-Forward,28,Brazil,,Arsenal FC,€32.00m,3200000000
Guglielmo Vicario,Goalkeeper,28,Italy,,Tottenham Hotspur,€32.00m,3200000000
Leroy Sané,Right Winger,29,Germany,France,Galatasaray,€32.00m,3200000000
Jesús Rodríguez,Left Winger,19,Spain,,Como 1907,€30.00m,3000000000
Assane Diao,Left Winger,19,Senegal,Spain,Como 1907,€30.00m,3000000000
Franco Mastantuono,Right Winger,17,Argentina,Italy,CA River Plate,€30.00m,3000000000
Yankuba Minteh,Right Winger,21,The Gambia,,Brighton &amp; Hove Albion,€30.00m,3000000000
Vitor Reis,Centre-Back,19,Brazil,,Girona FC,€30.00m,3000000000
Mikel Jauregizar,Central Midfield,21,Spain,,Athletic Bilbao,€30.00m,3000000000
Tom Bischof,Central Midfield,20,Germany,,Bayern Munich,€30.00m,3000000000
Malick Fofana,Left Winger,20,Belgium,Guinea,Olympique Lyon,€30.00m,3000000000
Matías Soulé,Right Winger,22,Argentina,Italy,AS Roma,€30.00m,3000000000
Cristhian Mosquera,Centre-Back,21,Spain,Colombia,Arsenal FC,€30.00m,3000000000
Marc Casadó,Defensive Midfield,21,Spain,,FC Barcelona,€30.00m,3000000000
Conor Bradley,Right-Back,22,Northern Ireland,,Liverpool FC,€30.00m,3000000000
Mario Gila,Centre-Back,24,Spain,,SS Lazio,€30.00m,3000000000
Youssouf Fofana,Defensive Midfield,26,France,Mali,AC Milan,€30.00m,3000000000
Yéremy Pino,Right Winger,22,Spain,,Villarreal CF,€30.00m,3000000000
Harvey Elliott,Attacking Midfield,22,England,,Liverpool FC,€30.00m,3000000000
Mika Biereth,Centre-Forward,22,Denmark,England,AS Monaco,€30.00m,3000000000
Johan Bakayoko,Right Winger,22,Belgium,Cote d'Ivoire,RB Leipzig,€30.00m,3000000000
Bart Verbruggen,Goalkeeper,22,Netherlands,,Brighton &amp; Hove Albion,€30.00m,3000000000
Santiago Gimenez,Centre-Forward,24,Mexico,Italy,AC Milan,€30.00m,3000000000
Zeno Debast,Centre-Back,21,Belgium,,Sporting CP,€30.00m,3000000000
Nicolò Rovella,Defensive Midfield,23,Italy,,SS Lazio,€30.00m,3000000000
Isak Hien,Centre-Back,26,Sweden,Ghana,Atalanta BC,€30.00m,3000000000
Giorgi Mamardashvili,Goalkeeper,24,Georgia,,Liverpool FC,€30.00m,3000000000
Randal Kolo Muani,Centre-Forward,26,France,DR Congo,Paris Saint-Germain,€30.00m,3000000000
Kevin Schade,Left Winger,23,Germany,Nigeria,Brentford FC,€30.00m,3000000000
Reece James,Right-Back,25,England,,Chelsea FC,€30.00m,3000000000
David Neres,Right Winger,28,Brazil,,SSC Napoli,€30.00m,3000000000
Samuele Ricci,Defensive Midfield,23,Italy,,AC Milan,€30.00m,3000000000
Lucas Chevalier,Goalkeeper,23,France,,Paris Saint-Germain,€30.00m,3000000000
Nick Woltemade,Second Striker,23,Germany,,VfB Stuttgart,€30.00m,3000000000
Orkun Kökçü,Central Midfield,24,Türkiye,Netherlands,Besiktas JK,€30.00m,3000000000
Douglas Luiz,Central Midfield,27,Brazil,,Juventus FC,€30.00m,3000000000
Joshua Zirkzee,Centre-Forward,24,Netherlands,Nigeria,Manchester United,€30.00m,3000000000
Jørgen Strand Larsen,Centre-Forward,25,Norway,,Wolverhampton Wanderers,€30.00m,3000000000
Pedro Gonçalves,Left Winger,27,Portugal,,Sporting CP,€30.00m,3000000000
Quinten Timber,Central Midfield,24,Netherlands,Curacao,Feyenoord Rotterdam,€30.00m,3000000000
Jean-Philippe Mateta,Centre-Forward,28,France,DR Congo,Crystal Palace,€30.00m,3000000000
Amine Gouiri,Centre-Forward,25,Algeria,France,Olympique Marseille,€30.00m,3000000000
Takefusa Kubo,Right Winger,24,Japan,,Real Sociedad,€30.00m,3000000000
Dávid Hancko,Centre-Back,27,Slovakia,,Atlético de Madrid,€30.00m,3000000000
Éder Militão,Centre-Back,27,Brazil,Spain,Real Madrid,€30.00m,3000000000
Moussa Diaby,Right Winger,26,France,Mali,Al-Ittihad Club,€30.00m,3000000000
Emile Smith Rowe,Attacking Midfield,25,England,,Fulham FC,€30.00m,3000000000
Evan Ndicka,Centre-Back,25,Cote d'Ivoire,France,AS Roma,€30.00m,3000000000
Diogo Dalot,Right-Back,26,Portugal,,Manchester United,€30.00m,3000000000
Rodrigo Bentancur,Defensive Midfield,28,Uruguay,,Tottenham Hotspur,€30.00m,3000000000
Pervis Estupiñán,Left-Back,27,Ecuador,Spain,AC Milan,€30.00m,3000000000
Artem Dovbyk,Centre-Forward,28,Ukraine,,AS Roma,€30.00m,3000000000
Denis Zakaria,Defensive Midfield,28,Switzerland,DR Congo,AS Monaco,€30.00m,3000000000
Manuel Locatelli,Defensive Midfield,27,Italy,,Juventus FC,€30.00m,3000000000
João Palhinha,Defensive Midfield,30,Portugal,,Tottenham Hotspur,€30.00m,3000000000
Kingsley Coman,Left Winger,29,France,Guadeloupe,Bayern Munich,€30.00m,3000000000
Jonathan Tah,Centre-Back,29,Germany,Cote d'Ivoire,Bayern Munich,€30.00m,3000000000
Alejandro Grimaldo,Left-Back,29,Spain,,Bayer 04 Leverkusen,€30.00m,3000000000
Hakan Çalhanoğlu,Defensive Midfield,31,Türkiye,Germany,Inter Milan,€30.00m,3000000000
Ayyoub Bouaddi,Central Midfield,17,France,Morocco,LOSC Lille,€28.00m,2800000000
Antonio Nusa,Left Winger,20,Norway,Nigeria,RB Leipzig,€28.00m,2800000000
Joel Ordóñez,Centre-Back,21,Ecuador,,Club Brugge KV,€28.00m,2800000000
Dango Ouattara,Left Winger,23,Burkina Faso,,AFC Bournemouth,€28.00m,2800000000
Eliesse Ben Seghir,Left Winger,20,Morocco,France,AS Monaco,€28.00m,2800000000
Danilo,Defensive Midfield,24,Brazil,,Botafogo de Futebol e Regatas,€28.00m,2800000000
André,Defensive Midfield,24,Brazil,,Wolverhampton Wanderers,€28.00m,2800000000
Simon Adingra,Left Winger,23,Cote d'Ivoire,,Sunderland AFC,€28.00m,2800000000
Bilal El Khannouss,Attacking Midfield,21,Morocco,Belgium,Leicester City,€28.00m,2800000000
Toti,Centre-Back,26,Portugal,Guinea-Bissau,Wolverhampton Wanderers,€28.00m,2800000000
Pierre Kalulu,Centre-Back,25,France,DR Congo,Juventus FC,€28.00m,2800000000
Mikkel Damsgaard,Attacking Midfield,25,Denmark,,Brentford FC,€28.00m,2800000000
Anatoliy Trubin,Goalkeeper,24,Ukraine,,SL Benfica,€28.00m,2800000000
Francisco Conceição,Right Winger,22,Portugal,,Juventus FC,€28.00m,2800000000
Ian Maatsen,Left-Back,23,Netherlands,Suriname,Aston Villa,€28.00m,2800000000
Kenneth Taylor,Central Midfield,23,Netherlands,,Ajax Amsterdam,€28.00m,2800000000
Nathan Collins,Centre-Back,24,Ireland,,Brentford FC,€28.00m,2800000000
Bafodé Diakité,Centre-Back,24,France,Guinea,LOSC Lille,€28.00m,2800000000
Lucas Paquetá,Attacking Midfield,27,Brazil,Portugal,West Ham United,€28.00m,2800000000
Sam Beukema,Centre-Back,26,Netherlands,,SSC Napoli,€28.00m,2800000000
Lewis Ferguson,Central Midfield,25,Scotland,,Bologna FC 1909,€28.00m,2800000000
Jakub Kiwior,Centre-Back,25,Poland,,Arsenal FC,€28.00m,2800000000
Felix Nmecha,Central Midfield,24,Germany,England,Borussia Dortmund,€28.00m,2800000000
Vitaliy Mykolenko,Left-Back,26,Ukraine,,Everton FC,€28.00m,2800000000
Jadon Sancho,Left Winger,25,England,Jamaica,Manchester United,€28.00m,2800000000
Leon Bailey,Right Winger,28,Jamaica,,Aston Villa,€28.00m,2800000000
Mason Mount,Attacking Midfield,26,England,,Manchester United,€28.00m,2800000000
Manuel Akanji,Centre-Back,30,Switzerland,Nigeria,Manchester City,€28.00m,2800000000
Unai Simón,Goalkeeper,28,Spain,,Athletic Bilbao,€28.00m,2800000000
Alex Iwobi,Left Winger,29,Nigeria,England,Fulham FC,€28.00m,2800000000
Jack Grealish,Left Winger,29,England,Ireland,Manchester City,€28.00m,2800000000
Ismael Saibari,Central Midfield,24,Morocco,Belgium,PSV Eindhoven,€27.00m,2700000000
Frank Anguissa,Central Midfield,29,Cameroon,,SSC Napoli,€27.00m,2700000000
Joachim Andersen,Centre-Back,29,Denmark,,Fulham FC,€27.00m,2700000000
Patrik Schick,Centre-Forward,29,Czech Republic,,Bayer 04 Leverkusen,€27.00m,2700000000
Carlos Augusto,Left-Back,26,Brazil,Italy,Inter Milan,€26.00m,2600000000
Pio Esposito,Centre-Forward,20,Italy,,Inter Milan,€25.00m,2500000000
Patrick Dorgu,Left-Back,20,Denmark,Nigeria,Manchester United,€25.00m,2500000000
Lucas Beraldo,Centre-Back,21,Brazil,,Paris Saint-Germain,€25.00m,2500000000
Tyler Dibling,Right Winger,19,England,,Southampton FC,€25.00m,2500000000
Javi Guerra,Central Midfield,22,Spain,,Valencia CF,€25.00m,2500000000
Renato Veiga,Centre-Back,22,Portugal,Cape Verde,Chelsea FC,€25.00m,2500000000
Luiz Henrique,Right Winger,24,Brazil,,Zenit St. Petersburg,€25.00m,2500000000
Pietro Comuzzo,Centre-Back,20,Italy,,ACF Fiorentina,€25.00m,2500000000
Alberto Moleiro,Left Winger,21,Spain,Cuba,Villarreal CF,€25.00m,2500000000
Tyrick Mitchell,Left-Back,25,England,Jamaica,Crystal Palace,€25.00m,2500000000
Loïc Badé,Centre-Back,25,France,Cote d'Ivoire,Sevilla FC,€25.00m,2500000000
Brajan Gruda,Right Winger,21,Germany,Albania,Brighton &amp; Hove Albion,€25.00m,2500000000
Luis Henrique,Right Midfield,23,Brazil,,Inter Milan,€25.00m,2500000000
Johnny Cardoso,Central Midfield,23,United States,Italy,Atlético de Madrid,€25.00m,2500000000
Konstantinos Koulierakis,Centre-Back,21,Greece,,VfL Wolfsburg,€25.00m,2500000000
Oscar Bobb,Right Winger,22,Norway,The Gambia,Manchester City,€25.00m,2500000000
Wilfried Singo,Centre-Back,24,Cote d'Ivoire,,AS Monaco,€25.00m,2500000000
Evan Ferguson,Centre-Forward,20,Ireland,England,AS Roma,€25.00m,2500000000
Odilon Kossounou,Centre-Back,24,Cote d'Ivoire,,Atalanta BC,€25.00m,2500000000
Jean-Clair Todibo,Centre-Back,25,France,French Guiana,West Ham United,€25.00m,2500000000
Dwight McNeil,Left Winger,25,England,Jamaica,Everton FC,€25.00m,2500000000
Maximilian Beier,Centre-Forward,22,Germany,,Borussia Dortmund,€25.00m,2500000000
Thiago Almada,Attacking Midfield,24,Argentina,,Atlético de Madrid,€25.00m,2500000000
Radu Drăgușin,Centre-Back,23,Romania,,Tottenham Hotspur,€25.00m,2500000000
Joan García,Goalkeeper,24,Spain,,FC Barcelona,€25.00m,2500000000
Emanuel Emegha,Centre-Forward,22,Netherlands,Nigeria,RC Strasbourg Alsace,€25.00m,2500000000
Kang-in Lee,Right Winger,24,"Korea, South",,Paris Saint-Germain,€25.00m,2500000000
Cheick Doucouré,Defensive Midfield,25,Mali,,Crystal Palace,€25.00m,2500000000
Dilane Bakwa,Right Winger,22,France,DR Congo,RC Strasbourg Alsace,€25.00m,2500000000
Nuno Tavares,Left-Back,25,Portugal,Cape Verde,SS Lazio,€25.00m,2500000000
Maximilian Kilman,Centre-Back,28,England,Ukraine,West Ham United,€25.00m,2500000000
Taty Castellanos,Centre-Forward,26,Argentina,,SS Lazio,€25.00m,2500000000
Eduard Spertsyan,Attacking Midfield,25,Armenia,Russia,FC Krasnodar,€25.00m,2500000000
Evann Guessand,Centre-Forward,24,Cote d'Ivoire,France,Aston Villa,€25.00m,2500000000
Edon Zhegrova,Right Winger,26,Kosovo,Germany,LOSC Lille,€25.00m,2500000000
Daniel Muñoz,Right-Back,29,Colombia,,Crystal Palace,€25.00m,2500000000
Wesley Fofana,Centre-Back,24,France,Cote d'Ivoire,Chelsea FC,€25.00m,2500000000
Facundo Medina,Centre-Back,26,Argentina,,Olympique Marseille,€25.00m,2500000000
Calvin Bassey,Centre-Back,25,Nigeria,England,Fulham FC,€25.00m,2500000000
Marco Carnesecchi,Goalkeeper,25,Italy,,Atalanta BC,€25.00m,2500000000
Christos Tzolis,Left Winger,23,Greece,,Club Brugge KV,€25.00m,2500000000
Maxence Lacroix,Centre-Back,25,France,Guadeloupe,Crystal Palace,€25.00m,2500000000
Matty Cash,Right-Back,28,Poland,England,Aston Villa,€25.00m,2500000000
Mats Wieffer,Defensive Midfield,25,Netherlands,,Brighton &amp; Hove Albion,€25.00m,2500000000
Yves Bissouma,Defensive Midfield,28,Mali,Cote d'Ivoire,Tottenham Hotspur,€25.00m,2500000000
Ismaïla Sarr,Right Winger,27,Senegal,,Crystal Palace,€25.00m,2500000000
Joey Veerman,Central Midfield,26,Netherlands,,PSV Eindhoven,€25.00m,2500000000
Giacomo Raspadori,Second Striker,25,Italy,,SSC Napoli,€25.00m,2500000000
Edson Álvarez,Defensive Midfield,27,Mexico,,West Ham United,€25.00m,2500000000
Callum Hudson-Odoi,Left Winger,24,England,Ghana,Nottingham Forest,€25.00m,2500000000
Ferdi Kadıoğlu,Left-Back,25,Türkiye,Netherlands,Brighton &amp; Hove Albion,€25.00m,2500000000
Riccardo Orsolini,Right Winger,28,Italy,,Bologna FC 1909,€25.00m,2500000000
Ritsu Doan,Right Winger,27,Japan,,Eintracht Frankfurt,€25.00m,2500000000
Hiroki Ito,Centre-Back,26,Japan,,Bayern Munich,€25.00m,2500000000
Benjamin Pavard,Centre-Back,29,France,,Inter Milan,€25.00m,2500000000
Mikel Oyarzabal,Centre-Forward,28,Spain,,Real Sociedad,€25.00m,2500000000
Trevoh Chalobah,Centre-Back,26,England,Sierra Leone,Chelsea FC,€25.00m,2500000000
Gerson,Central Midfield,28,Brazil,,Zenit St. Petersburg,€25.00m,2500000000
Noussair Mazraoui,Right-Back,27,Morocco,Netherlands,Manchester United,€25.00m,2500000000
Noa Lang,Left Winger,26,Netherlands,Suriname,SSC Napoli,€25.00m,2500000000
Mile Svilar,Goalkeeper,25,Serbia,Belgium,AS Roma,€25.00m,2500000000
Sander Berge,Defensive Midfield,27,Norway,,Fulham FC,€25.00m,2500000000
Donyell Malen,Right Winger,26,Netherlands,Suriname,Aston Villa,€25.00m,2500000000
Marcos Llorente,Right Midfield,30,Spain,,Atlético de Madrid,€25.00m,2500000000
Lucas Hernández,Left-Back,29,France,Spain,Paris Saint-Germain,€25.00m,2500000000
Kevin Danso,Centre-Back,26,Austria,,Tottenham Hotspur,€25.00m,2500000000
Rodrigo De Paul,Central Midfield,31,Argentina,Italy,Inter Miami CF,€25.00m,2500000000
Ivan Toney,Centre-Forward,29,England,Jamaica,Al-Ahli SFC,€25.00m,2500000000
Alexander Sørloth,Centre-Forward,29,Norway,,Atlético de Madrid,€25.00m,2500000000
André Onana,Goalkeeper,29,Cameroon,,Manchester United,€25.00m,2500000000
Rúben Neves,Defensive Midfield,28,Portugal,,Al-Hilal SFC,€25.00m,2500000000
Konrad Laimer,Right-Back,28,Austria,,Bayern Munich,€25.00m,2500000000
Stanislav Lobotka,Defensive Midfield,30,Slovakia,,SSC Napoli,€25.00m,2500000000
Julian Brandt,Attacking Midfield,29,Germany,,Borussia Dortmund,€25.00m,2500000000
John Stones,Centre-Back,31,England,,Manchester City,€25.00m,2500000000
Adrien Rabiot,Central Midfield,30,France,,Olympique Marseille,€25.00m,2500000000
Mike Maignan,Goalkeeper,30,France,French Guiana,AC Milan,€25.00m,2500000000
Nathan Aké,Centre-Back,30,Netherlands,Cote d'Ivoire,Manchester City,€25.00m,2500000000
Jack Hinshelwood,Defensive Midfield,20,England,,Brighton &amp; Hove Albion,€24.00m,2400000000
Conrad Harder,Centre-Forward,20,Denmark,,Sporting CP,€24.00m,2400000000
Federico Gatti,Centre-Back,27,Italy,,Juventus FC,€24.00m,2400000000
Paul Nebel,Attacking Midfield,22,Germany,Ireland,1.FSV Mainz 05,€24.00m,2400000000
Aaron Wan-Bissaka,Right-Back,27,DR Congo,England,West Ham United,€24.00m,2400000000
Galeno,Left Winger,27,Brazil,Portugal,Al-Ahli SFC,€24.00m,2400000000
Youssef En-Nesyri,Centre-Forward,28,Morocco,,Fenerbahce,€24.00m,2400000000
Dodô,Right-Back,26,Brazil,,ACF Fiorentina,€24.00m,2400000000
Kerem Aktürkoğlu,Left Winger,26,Türkiye,,SL Benfica,€24.00m,2400000000
Ibrahim Sangaré,Defensive Midfield,27,Cote d'Ivoire,,Nottingham Forest,€24.00m,2400000000
Josip Sutalo,Centre-Back,25,Croatia,,Ajax Amsterdam,€24.00m,2400000000
Arthur Theate,Centre-Back,25,Belgium,,Eintracht Frankfurt,€24.00m,2400000000
Raoul Bellanova,Right Midfield,25,Italy,,Atalanta BC,€24.00m,2400000000
Gianluca Scamacca,Centre-Forward,26,Italy,,Atalanta BC,€24.00m,2400000000
Mohamed Simakan,Centre-Back,25,France,Guinea,Al-Nassr FC,€23.00m,2300000000
Keane Lewis-Potter,Left-Back,24,England,,Brentford FC,€23.00m,2300000000
Virgil van Dijk,Centre-Back,34,Netherlands,Suriname,Liverpool FC,€23.00m,2300000000
Stefanos Tzimas,Centre-Forward,19,Greece,,Brighton &amp; Hove Albion,€22.00m,2200000000
Arthur Vermeeren,Defensive Midfield,20,Belgium,,RB Leipzig,€22.00m,2200000000
Lewis Miley,Central Midfield,19,England,,Newcastle United,€22.00m,2200000000
Lamine Camara,Central Midfield,21,Senegal,,AS Monaco,€22.00m,2200000000
Roger Fernandes,Right Winger,19,Portugal,Guinea-Bissau,SC Braga,€22.00m,2200000000
Jobe Bellingham,Central Midfield,19,England,Ireland,Borussia Dortmund,€22.00m,2200000000
Omari Hutchinson,Attacking Midfield,21,England,Jamaica,Ipswich Town,€22.00m,2200000000
Georges Mikautadze,Centre-Forward,24,Georgia,France,Olympique Lyon,€22.00m,2200000000
Samuel Lino,Left Winger,25,Brazil,,CR Flamengo,€22.00m,2200000000
Nathaniel Brown,Left-Back,22,Germany,United States,Eintracht Frankfurt,€22.00m,2200000000
Yasin Ayari,Central Midfield,21,Sweden,Tunisia,Brighton &amp; Hove Albion,€22.00m,2200000000
Julio Enciso,Attacking Midfield,21,Paraguay,,Brighton &amp; Hove Albion,€22.00m,2200000000
Elye Wahi,Centre-Forward,22,France,Cote d'Ivoire,Eintracht Frankfurt,€22.00m,2200000000
Wilfried Gnonto,Right Winger,21,Italy,Cote d'Ivoire,Leeds United,€22.00m,2200000000
Iliman Ndiaye,Left Winger,25,Senegal,France,Everton FC,€22.00m,2200000000
Leif Davis,Left-Back,25,England,,Ipswich Town,€22.00m,2200000000
Beto,Centre-Forward,27,Guinea-Bissau,Portugal,Everton FC,€22.00m,2200000000
Aitor Paredes,Centre-Back,25,Spain,,Athletic Bilbao,€22.00m,2200000000
Arnaud Kalimuendo,Centre-Forward,23,France,DR Congo,Stade Rennais FC,€22.00m,2200000000
Martin Baturina,Attacking Midfield,22,Croatia,,Como 1907,€22.00m,2200000000
Lorenzo Lucca,Centre-Forward,24,Italy,,SSC Napoli,€22.00m,2200000000
Chrislain Matsima,Centre-Back,23,France,Congo,FC Augsburg,€22.00m,2200000000
James Trafford,Goalkeeper,22,England,,Manchester City,€22.00m,2200000000
Gabriel Sara,Central Midfield,26,Brazil,,Galatasaray,€22.00m,2200000000
Sepp van den Berg,Centre-Back,23,Netherlands,,Brentford FC,€22.00m,2200000000
Fábio Vieira,Attacking Midfield,25,Portugal,,Arsenal FC,€22.00m,2200000000
Pepê,Right Winger,28,Brazil,Italy,FC Porto,€22.00m,2200000000
Taylor Harwood-Bellis,Centre-Back,23,England,,Southampton FC,€22.00m,2200000000
Koni De Winter,Centre-Back,23,Belgium,,Genoa CFC,€22.00m,2200000000
Yuri Alberto,Centre-Forward,24,Brazil,,Sport Club Corinthians Paulista,€22.00m,2200000000
Crysencio Summerville,Left Winger,23,Netherlands,Suriname,West Ham United,€22.00m,2200000000
Brian Brobbey,Centre-Forward,23,Netherlands,Ghana,Ajax Amsterdam,€22.00m,2200000000
Marcos Senesi,Centre-Back,28,Argentina,Italy,AFC Bournemouth,€22.00m,2200000000
Benoît Badiashile,Centre-Back,24,France,DR Congo,Chelsea FC,€22.00m,2200000000
Pedro,Centre-Forward,28,Brazil,,CR Flamengo,€22.00m,2200000000
Jhon Lucumí,Centre-Back,27,Colombia,,Bologna FC 1909,€22.00m,2200000000
Matt O&#039;Riley,Central Midfield,24,Denmark,England,Brighton &amp; Hove Albion,€22.00m,2200000000
Axel Disasi,Centre-Back,27,France,DR Congo,Chelsea FC,€22.00m,2200000000
Florentino,Defensive Midfield,25,Portugal,Angola,SL Benfica,€22.00m,2200000000
Jerdy Schouten,Defensive Midfield,28,Netherlands,,PSV Eindhoven,€22.00m,2200000000
Joe Willock,Central Midfield,25,England,Montserrat,Newcastle United,€22.00m,2200000000
Ermedin Demirovic,Centre-Forward,27,Bosnia-Herzegovina,,VfB Stuttgart,€22.00m,2200000000
Weston McKennie,Central Midfield,26,United States,,Juventus FC,€22.00m,2200000000
Malcom,Attacking Midfield,28,Brazil,Russia,Al-Hilal SFC,€22.00m,2200000000
Brais Méndez,Attacking Midfield,28,Spain,,Real Sociedad,€22.00m,2200000000
Ola Aina,Right-Back,28,Nigeria,England,Nottingham Forest,€22.00m,2200000000
Serge Gnabry,Left Winger,30,Germany,Cote d'Ivoire,Bayern Munich,€22.00m,2200000000
Leon Goretzka,Central Midfield,30,Germany,,Bayern Munich,€22.00m,2200000000
Leandro Trossard,Left Winger,30,Belgium,,Arsenal FC,€22.00m,2200000000
Romelu Lukaku,Centre-Forward,32,Belgium,DR Congo,SSC Napoli,€22.00m,2200000000
Barış Alper Yılmaz,Left Winger,25,Türkiye,,Galatasaray,€21.00m,2100000000
Konstantinos Karetsas,Attacking Midfield,17,Greece,Belgium,KRC Genk,€20.00m,2000000000
Facundo Buonanotte,Attacking Midfield,20,Argentina,Italy,Brighton &amp; Hove Albion,€20.00m,2000000000
Wesley,Right-Back,21,Brazil,,AS Roma,€20.00m,2000000000
Chris Rigg,Attacking Midfield,18,England,,Sunderland AFC,€20.00m,2000000000
Vitor Roque,Centre-Forward,20,Brazil,,Sociedade Esportiva Palmeiras,€20.00m,2000000000
Thierno Barry,Centre-Forward,22,France,Guinea,Everton FC,€20.00m,2000000000
